{"cameraMode":{"drawMode":0,"name":"Shaded","section":"Shading Mode"},"sceneLighting":true,"audioPlay":false,"sceneViewState":{"m_AlwaysRefresh":false,"showFog":true,"showSkybox":true,"showFlares":true,"showImageEffects":true,"showParticleSystems":true,"showVisualEffectGraphs":true,"m_FxEnabled":true},"in2DMode":false,"pivot":{"x":33.29628372192383,"y":-4.043848991394043,"z":170.20191955566407},"rotation":{"x":0.10957790911197663,"y":-0.006560917943716049,"z":0.0007365887286141515,"w":0.9939701557159424},"size":146.43467712402345,"orthographic":false}